"","V1","V2","V3","V4","V5","V6","V7","V8","V9","V10"
"1","13 Platinum Ct, Pooler, GA 31322","$239,900","4","2","1,938","34 mins","47 mins","2004","HOA fee: $420 annually","$420 annually"
"2","106 Berwick Lakes Blvd, Pooler, GA 31322","$165,000","3","2","1,241","25 mins","43 mins","2000","Has HOA fee: No","0.13 Acres"
"3","329 Mccumber Dr, Allenhurst, GA 31301","$165,000","3","2","1,659","1 hour","16 mins","1995","Property Status: Active","0.50 Acres"
"4","47 Oak Rd NE, Ludowici, GA 31316","$132,000","3","2","1,208",NA,"20 mins","2006","Appliances: Refrigerator, Range/Oven - Elec","0.38 Acres"
"5","1586 Longleaf Ct, Hinesville, GA 31313","$197,500","5","3","2,659","1 hour 1 min","17 mins","2018","Has HOA fee: No","0.20 Acres"
"6","321 Connor Ct, Hinesville, GA 31313","$219,900","4","3","2,610",NA,"11 mins","2011","HOA fee: $65 monthly","$65 monthly"
"7","135 Reese Dr, Richmond Hill, GA 31324","$195,000","3","2","1,455","32 mins","34 mins","2003","Has HOA fee: No","0.26 Acres"
"8","2018 E 50th St, Savannah, GA 31404","$190,900","3","2","1,231",NA,"59 mins","1930","Has HOA fee: No","0.12 Acres"
"9","2614 13th St, Garden City, GA 31408","$179,900","4","1","1,566","26 mins","50 mins","1950","Has HOA fee: No","0.66 Acres"
"10","103 Tanzania Trl, Pooler, GA 31322","$239,900","3","2","1,640","41 mins","53 mins","2018","HOA fee: $480 annually","$480 annually"
"11","213 Laurelwood Dr, Savannah, GA 31419","$179,900","4","2","1,444","22 mins","40 mins","1996","Has HOA fee: No","0.22 Acres"
"12","29 Pine Dr, Savannah, GA 31405","$174,900","3","2","1,768",NA,"48 mins","1951","Has HOA fee: No","0.42 Acres"
"13","569 Briar Cir, Hinesville, GA 31313","$130,000","3","2","1,412","53 mins","9 mins","1975","Property Status: Active","0.30 Acres"
"14","613 Stonebridge Cir, Savannah, GA 31419","$250,000","4","3","2,126","25 mins","43 mins","2007","HOA fee: $840 annually","$840 annually"
"15","303 E Main St, Bloomingdale, GA 31302","$170,000","3","2","1,812","35 mins","49 mins","1970","Has HOA fee: No","0.51 Acres"
"16","291 Shady Oak Cir, Richmond Hill, GA 31324","$219,900","3","2","1,428","30 mins","32 mins","2001","HOA fee: $270 annually","$270 annually"
"17","12 Mulberry Ct, Savannah, GA 31406","$199,000","3","2","1,287",NA,"56 mins","1983","Has HOA fee: No","0.21 Acres"
"18","215 Chapel Lk S, Savannah, GA 31419","$239,900","4","2","1,686","26 mins","44 mins","2005","HOA fee: $180 quarterly","$180 quarterly"
"19","404 Valdez Ct, Hinesville, GA 31313","$212,900","3","3","2,100",NA,"11 mins","2011","Exterior: Vinyl Siding","5,662 sqft"
"20","468 Laurel Hill Cir, Richmond Hill, GA 31324","$229,900","4","2","1,619","30 mins","32 mins","2001","HOA fee: $315 annually","$315 annually"
"21","29 Bristlecone Dr, Savannah, GA 31419","$242,900","4","2","1,598","20 mins","44 mins","1997","HOA fee: $39 monthly","$39 monthly"
"22","227 River Oak Dr, Bloomingdale, GA 31302","$129,500","3","2","1,680","34 mins","46 mins","2016","Has HOA fee: No","33,105 sqft"
"23","306 Camden Ct, Hinesville, GA 31313","$245,500","4","3","2,455",NA,"16 mins","2004","Has HOA fee: No","0.36 Acres"
"24","8 Pillar Ct, Savannah, GA 31406","$249,500","4","2","1,869",NA,"53 mins","1998","Has HOA fee: No","0.26 Acres"
"25","137 Columbus Dr, Savannah, GA 31405","$249,900","3","2","1,880",NA,"52 mins","1950","Has HOA fee: No","0.15 Acres"
"26","28 Carolina Ash Ct, Midway, GA 31320","$184,900","3","2","1,425","44 mins","20 mins","2004","Property Status: Active","0.36 Acres"
"27","208 Reese Dr, Richmond Hill, GA 31324","$204,500","4","2","1,479","32 mins","35 mins","2002","Has HOA fee: No","0.42 Acres"
"28","73 Tideland Dr, Midway, GA 31320","$190,000","3","1","1,634","51 mins","37 mins","1964","Has HOA fee: No","32,234 sqft"
"29","104 Smith Ave, Garden City, GA 31408","$120,000","2","2","865","28 mins","55 mins","1934","Has HOA fee: No","0.25 Acres"
"30","120 Wimbledon Dr, Savannah, GA 31419","$210,000","3","2","1,236","19 mins","43 mins","2002","HOA fee: $467 annually","$467 annually"
"31","228 Deerfield Rd W, Bloomingdale, GA 31302","$174,900","3","2","1,670","42 mins","55 mins","1977","Has HOA fee: No","0.35 Acres"
"32","Buildable plan: Christi, The Crossing at Independence, Hinesville, GA 31313","from ","3","2","1,287",NA,NA,"2021",NA,"No Data"
"33","2020 Weybridge Ct, Hinesville, GA 31313","$189,900","4","2","1,908","1 hour 3 mins","17 mins","1996","Appliances: Refrigerator, Dishwasher, Range/Oven - Elec, Microwave/Range-Hood","No Data"
"34","1718 E 60th St, Savannah, GA 31404","$90,000","3","1","1,092",NA,"56 mins","1959","Has HOA fee: No","0.15 Acres"
"35","2500 Sims Rd, Pembroke, GA 31321","$250,000","4","2","1,930","52 mins","32 mins","2006","Services included: None","47,044 sqft"
"36","121 Smith Ave, Garden City, GA 31408","$205,000","3","2","1,761","27 mins","55 mins","1928","Has HOA fee: No","0.32 Acres"
"37","7342 Garfield St, Savannah, GA 31406","$197,900","3","2","1,290",NA,"55 mins","1989","Has HOA fee: No","0.12 Acres"
"38","198 Chapel Lk S, Savannah, GA 31419","$210,000","3","2","1,343","26 mins","44 mins","2006","HOA fee: $180 quarterly","$180 quarterly"
"39","141 Meadowside Ln, Savannah, GA 31405","$235,000","4","3","1,802","26 mins","44 mins","2006","HOA fee: $600 annually","$600 annually"
"40","114 Cutt Off Way, Richmond Hill, GA 31324","$194,900","3","2","1,730","32 mins","35 mins","1994","Has HOA fee: No","0.26 Acres"
"41","Buildable plan: Naomi, The Columns at Independence North, Hinesville, GA 31313","from ","3","3","1,666",NA,NA,"2021",NA,"$25 monthly"
"42","2344 Ranchland Dr, Savannah, GA 31404","$179,900","4","3","2,056",NA,"57 mins","1955","Has HOA fee: No","0.26 Acres"
"43","12511 Woodley Rd, Savannah, GA 31419","$79,000","3","2","1,500","19 mins","49 mins","1958","Has HOA fee: No","0.29 Acres"
"44","373 S Main St, Pembroke, GA 31321","$45,000","2","1","1,498","49 mins","27 mins","1945","Services included: None","10,018 sqft"
"45","212 Conaway Rd, Bloomingdale, GA 31302","$149,000","3","2","1,596","37 mins","49 mins","1954","Has HOA fee: No","2.47 Acres"
"46","9 Cross Bow Ct, Savannah, GA 31406","$226,900","4","2","1,322",NA,"56 mins","1980","Has HOA fee: No","0.27 Acres"
"47","814 Huntington Way, Hinesville, GA 31313","$230,000","8","4","--","53 mins","7 mins","1994","Services included: None","7,056 sqft"
"48","6 Fontenot Ct, Savannah, GA 31405","$182,900","3","2","1,503","24 mins","42 mins","2004","Services included: None","6,098 sqft"
"49","121 Sheila Dr, Hinesville, GA 31313","$119,900","3","2","1,104","1 hour 1 min","17 mins","1996","Appliances: Refrigerator, Dishwasher, Range/Oven - Elec","No Data"
"50","123 Fontenot Dr, Savannah, GA 31405","$225,000","4","2","1,720","25 mins","43 mins","2008","Has HOA fee: No","0.25 Acres"
"51","1323 W Oglethorpe Hwy, Hinesville, GA 31313","$99,000","3","1","960","57 mins","13 mins","1957","Has HOA fee: No","0.77 Acres"
"52","6 Seneca Rd, Savannah, GA 31406","$139,900","2","1","1,548",NA,"50 mins","1985","Has HOA fee: No","0.20 Acres"
"53","Buildable plan: Kohen, Griffin Park, Hinesville, GA 31313","from ","5","3","2,416",NA,NA,"2021",NA,"$25 monthly"
"54","68 Retriever Way, Allenhurst, GA 31301","$126,000","3","2","1,343","1 hour","17 mins","1995","Dining: Dining/Kitchen Combo","No Data"
"55","212 Port Royal Dr, Savannah, GA 31410","$239,900","3","2","1,319",NA,"1 hour 9 mins","1974","Has HOA fee: No","0.14 Acres"
"56","102 Berwick Lakes Blvd, Pooler, GA 31322","$179,900","8","2","--","25 mins","43 mins","2000","Services included: Other (See Remarks)","9,147 sqft"
"57","3701 Eastgate Dr, Savannah, GA 31404","$149,000","3","1","1,152",NA,"58 mins","1955","Has HOA fee: No","0.19 Acres"
"58","1103 Kelly Dr, Hinesville, GA 31313","$155,000","3","2","1,600","1 hour","14 mins","1977","Has HOA fee: No","0.34 Acres"
"59","13 Cambridge Ct, Savannah, GA 31419","$190,000","3","2","1,342","19 mins","43 mins","1983","HOA fee: $467 annually","$467 annually"
"60","Buildable plan: Pamona, The Estates at Wilder Pond, Allenhurst, GA 31301","from ","4","3","1,609",NA,NA,"2021",NA,"$25 monthly"
"61","Buildable plan: Caitlin, Flemington Village, Hinesville, GA 31313","from ","3","2","1,505",NA,NA,"2021",NA,"No Data"
"62","715 Dyches Dr, Savannah, GA 31406","$200,000","4","2","1,758",NA,"51 mins","1969","Has HOA fee: No","0.25 Acres"
"63","36 Waterstone Cir, Savannah, GA 31405","$239,500","3","3","1,780","27 mins","45 mins","2007","HOA fee: $315 annually","$315 annually"
"64","214 Arbor Ridge Way, Midway, GA 31320","$215,000","4","2","2,182","46 mins","21 mins","2004","Property Status: Active","0.31 Acres"
"65","1452 E 42nd St, Savannah, GA 31404","$189,900","2","1","1,300",NA,"58 mins","1960","Tax assessed value: $109,200","0.19 Acres"
"66","636 Kline St, Savannah, GA 31415","$125,000","3","2","1,232","22 mins","50 mins","1890","Has HOA fee: No","0.07 Acres"
"67","109 Phillips Ave, Savannah, GA 31407","$160,000","3","2","1,093","34 mins","57 mins","1966","Has HOA fee: No","0.38 Acres"
"68","2411 Bolling St, Savannah, GA 31404","$129,900","3","2","968",NA,"1 hour 1 min","2000","Has HOA fee: No","0.15 Acres"
"69","284 Clubhouse Dr, Midway, GA 31320","$199,900","3","3","1,693","42 mins","29 mins","1978","HOA fee: $295 annually","$295 annually"
"70","905 Granger Dr, Hinesville, GA 31313","$125,000","3","2","1,280",NA,"12 mins","1994","Appliances: Refrigerator, Dishwasher, Range/Oven - Elec, Range Hood","No Data"
"71","300 W Court St, Hinesville, GA 31313","$111,000","3","2","1,323","53 mins","6 mins","1940","Has HOA fee: No","0.80 Acres"
"72","Buildable plan: Hazel, Griffin Park, Hinesville, GA 31313","from ","4","2","1,682",NA,NA,"2021",NA,"$25 monthly"
"73","178 Olvey Rd, Hinesville, GA 31313","$159,000","3","3","1,857","50 mins","8 mins","1970","Lot Description: Wooded, Level, Landscaped, Acreage 1-5","1.55 Acres"
"74","244 Bender St, Hinesville, GA 31313","$205,000","4","3","2,174",NA,"11 mins","2016","HOA fee: $780 annually","$780 annually"
"75","1005 Wolf St, Savannah, GA 31401","$225,000","3","2","1,116",NA,"57 mins","1900","Has HOA fee: No","0.13 Acres"
"76","17 Sherwood Rd, Savannah, GA 31406","$175,000","3","1","1,527",NA,"53 mins","1969","Has HOA fee: No","0.35 Acres"
"77","106 N Chestnut St, Pooler, GA 31322","$236,900","3","3","1,820","32 mins","44 mins","1958","Has HOA fee: No","0.47 Acres"
"78","Buildable plan: Palmer, The Estates at Wilder Pond, Allenhurst, GA 31301","from ","3","2","1,523",NA,NA,"2021",NA,"$25 monthly"
"79","173 Manchester Ct, Midway, GA 31320","$207,900","4","2","1,936","41 mins","28 mins","2009","HOA fee: $300 annually","$300 annually"
"80","206 Ash St, Bloomingdale, GA 31302","$110,000","3","1","1,092","36 mins","49 mins","1965","Has HOA fee: No","0.48 Acres"
"81","Buildable plan: Davis, The Estates at Wilder Pond, Allenhurst, GA 31301","from ","4","3","1,905",NA,NA,"2021",NA,"$25 monthly"
"82","43 Leeward Dr, Savannah, GA 31419","$189,900","3","2","1,016","20 mins","44 mins","1998","HOA fee: $467 annually","$467 annually"
"83","939 Highland Dr, Hinesville, GA 31313","$124,900","3","2","1,524",NA,"10 mins","1994","Appliances: Refrigerator, Dishwasher, Range/Oven - Elec, Range Hood","No Data"
"84","1043 Bacon Rd, Hinesville, GA 31313","$165,000","3","2","1,177","57 mins","11 mins","1985","Has HOA fee: No","0.28 Acres"
"85","1216 E 35th St, Savannah, GA 31404","$217,000","4","2","2,405",NA,"56 mins","1951","Has HOA fee: No","0.12 Acres"
"86","117 Hopeland Dr, Savannah, GA 31419","$225,000","3","2","1,592",NA,"47 mins","2005","Has HOA fee: No","0.15 Acres"
"87","5 Millwood Lake Dr, Savannah, GA 31407","$249,000","3","3","1,703","41 mins","53 mins","2011","HOA fee: $1,064 annually","$1,064 annually"
"88","38 Shady Hill Cir, Richmond Hill, GA 31324","$224,900","4","3","1,799","29 mins","34 mins","2004","HOA fee: $315 annually","$315 annually"
"89","969 Fox Haven Ct, Hinesville, GA 31313","$249,900","3","2","2,480","58 mins","14 mins","1994","Has HOA fee: No","0.55 Acres"
"90","55 Winchester Way SE, Allenhurst, GA 31301","$200,000","4","2","1,958",NA,"20 mins","2007","Appliances: Refrigerator, Range/Oven - Elec, Microwave/Range-Hood","No Data"
"91","128 Oak Harvest Rdg, Midway, GA 31320","$185,000","3","2","1,470","42 mins","29 mins","2013","HOA fee: $25 monthly","$25 monthly"
"92","228 W Deerfield Dr, Bloomingdale, GA 31302","$174,900","3","2","1,670",NA,NA,"1977","Services included: None","15,246 sqft"
"93","Buildable plan: Blane, The Estates at Wilder Pond, Allenhurst, GA 31301","from ","4","2","1,653",NA,NA,"2021",NA,"$25 monthly"
"94","Buildable plan: Kerry, The Columns at Independence North, Hinesville, GA 31313","from ","3","3","1,411",NA,NA,"2021",NA,"$25 monthly"
"95","3202 Hazel St, Savannah, GA 31404","$229,000","4","2","1,634",NA,"59 mins","1989","Has HOA fee: No","0.54 Acres"
"96","Buildable plan: Addison, Griffin Park, Hinesville, GA 31313","from ","4","3","1,978",NA,NA,"2021",NA,"$25 monthly"
"97","46 Heathcote Cir, Savannah, GA 31405","$169,500","3","2","975","22 mins","46 mins","1965","Has HOA fee: No","0.46 Acres"
"98","105 Blueberry Ct, Savannah, GA 31419","$200,000","3","2","1,456","18 mins","42 mins","1986","HOA fee: $467 annually","$467 annually"
"99","Buildable plan: Naomi, Cherokee Station, Hinesville, GA 31313","from ","3","3","1,666",NA,NA,"2021",NA,"No Data"
"100","806 E 33rd St, Savannah, GA 31401","$219,000","2","1","1,254",NA,"56 mins","1920","Has HOA fee: No","0.07 Acres"
"101","1816 E De Renne Ave, Savannah, GA 31406","$250,000","4","3","1,811",NA,"55 mins","1950","Has HOA fee: No","0.30 Acres"
"102","705 Woodley Rd, Savannah, GA 31419","$249,000","4","3","2,192","16 mins","45 mins","1975","HOA fee: $75 quarterly","$75 quarterly"
"103","615 Olmstead Dr, Hinesville, GA 31313","$189,900","3","2","1,404","51 mins","6 mins","1976","Appliances: Refrigerator, Dishwasher, Range/Oven - Elec, Range Hood","No Data"
"104","2205 Bolling St, Savannah, GA 31404","$122,500","2","1","972",NA,"1 hour","1949","Has HOA fee: No","0.12 Acres"
"105","1130 E 56th St, Savannah, GA 31404","$239,800","4","2","--",NA,"57 mins","1956","Services included: Other (See Remarks)","3,920 sqft"
"106","267 Glenn Bryant Rd, Hinesville, GA 31313","$128,500","2","4","1,348",NA,"13 mins","1988","Has HOA fee: No","0.20 Acres"
"107","126 Salt Creek Rd, Savannah, GA 31405","$169,000","5","2","1,904","27 mins","46 mins","1938","Has HOA fee: No","1.55 Acres"
"108","212 Pine St, Bloomingdale, GA 31302","$187,900","3","2","1,410","35 mins","48 mins","1967","Services included: None","19,166 sqft"
"109","7 Mossy Ct, Savannah, GA 31419","$246,000","3","2","1,816","23 mins","41 mins","1996","Has HOA fee: No","0.32 Acres"
"110","10 Goldfinch Ct W, Savannah, GA 31419","$209,900","3","2","1,335","19 mins","43 mins","1985","HOA fee: $39 monthly","$39 monthly"
"111","4623 Skidaway Rd, Savannah, GA 31404","$229,000","4","2","1,603",NA,"57 mins","1950","Has HOA fee: No","0.22 Acres"
"112","8613 E Creighton Pl, Savannah, GA 31406","$179,900","3","2","1,636",NA,"54 mins","1960","Has HOA fee: No","0.22 Acres"
"113","1025 W 40th St, Savannah, GA 31415","$120,000","2","2","1,026",NA,"50 mins","1930","Has HOA fee: No","0.07 Acres"
"114","82 Crosby Dr, Hinesville, GA 31313","$113,500","3","2","1,087","1 hour","16 mins","1995","Appliances: Refrigerator, Range/Oven - Elec","0.25 Acres"
"115","180 Bowers St, Pembroke, GA 31321","$130,000","2","1","988","50 mins","29 mins","1950","Has HOA fee: No","0.28 Acres"
"116","115 Adair St, Savannah, GA 31404","$115,000","2","2","1,150",NA,"57 mins","1930","Has HOA fee: No","0.08 Acres"
"117","2108 Packard Ave, Savannah, GA 31405","$149,000","4","2","1,932","19 mins","49 mins","1960","Has HOA fee: No","0.14 Acres"
"118","4106 Boyd St, Savannah, GA 31405","$100,000","3","1","1,140",NA,"53 mins","1913","Has HOA fee: No","0.15 Acres"
"119","1942 Salisbury Way, Hinesville, GA 31313","$210,000","3","2","1,880","1 hour 3 mins","17 mins","2002","Appliances: Refrigerator, Disposal, Dishwasher, Range/Oven - Elec, Range Hood","No Data"
"120","Buildable plan: Catherine, The Estates at Wilder Pond, Allenhurst, GA 31301","from ","5","3","2,516",NA,NA,"2021",NA,"$25 monthly"
"121","147 Dovetail Xing, Savannah, GA 31419","$224,500","4","2","1,733","21 mins","45 mins","2003","HOA fee: $467 annually","$467 annually"
"122","Buildable plan: Russell, The Estates at Wilder Pond, Allenhurst, GA 31301","from ","3","2","1,300",NA,NA,"2021",NA,"$25 monthly"
"123","215 Caribbean Village Dr, Guyton, GA 31312","$248,990","3","2","1,618","46 mins","1 hour 2 mins","2021","HOA fee: $175 quarterly","$175 quarterly"
"124","7 Del Mar Cir, Savannah, GA 31419","$179,000","3","2","1,484",NA,"48 mins","1967","Has HOA fee: No","1.88 Acres"
"125","1712 E 39th St, Savannah, GA 31404","$225,000","4","3","2,042",NA,"59 mins","1940","Has HOA fee: No","0.19 Acres"
"126","Buildable plan: Anderson, The Estates at Wilder Pond, Allenhurst, GA 31301","from ","4","3","1,810",NA,NA,"2021",NA,"$25 monthly"
"127","2409 Dolphin Dr, Savannah, GA 31406","$180,000","3","2","1,681",NA,"57 mins","1965","Has HOA fee: No","0.16 Acres"
"128","133 Berwick Lakes Blvd, Pooler, GA 31322","$218,000","3","2","2,006","26 mins","44 mins","2000","Has HOA fee: No","0.22 Acres"
"129","1925 Linnhurst Dr, Savannah, GA 31404","$179,300","3","1","864",NA,"59 mins","1968","Has HOA fee: No","0.19 Acres"
"130","2326 Suttle Ct, Hinesville, GA 31313","$147,563","4","2","1,389","1 hour 2 mins","17 mins","1996","Appliances: Refrigerator, Dishwasher, Range/Oven - Elec, Range Hood","No Data"
"131","104 E Whatley St, Pooler, GA 31322","$210,000","3","2","1,824","32 mins","44 mins","1970","Has HOA fee: No","0.27 Acres"
"132","64 Kings Way, Ellabell, GA 31308","$209,900","1","2","1,400","42 mins","42 mins","2007","Services included: None","22,215 sqft"
"133","307 Aberfeldy St, Port Wentworth, GA 31407","$99,900","2","2","1,474","32 mins","57 mins","1954","Has HOA fee: No","0.14 Acres"
"134","624 W 47th St, Savannah, GA 31405","$67,000","2","1","660",NA,"53 mins","1950","Services included: None","No Data"
"135","Buildable plan: Whitaker II, The Columns at Independence North, Hinesville, GA 31313","from ","4","3","1,962",NA,NA,"2021",NA,"$25 monthly"
"136","12216 Bedford Dr, Savannah, GA 31419","$164,700","3","2","1,597","17 mins","47 mins","1964","Has HOA fee: No","0.23 Acres"
"137","702 Fairview Cir, Hinesville, GA 31313","$246,000","4","3","2,298",NA,NA,"2021","HOA fee: $25 monthly","$25 monthly"
"138","34 Quail Forest Dr, Savannah, GA 31419","$144,900","3","2","1,444",NA,"46 mins","1987","Has HOA fee: No","0.15 Acres"
"139","2347 Jurgensen St, Savannah, GA 31404","$130,000","3","2","1,441",NA,"59 mins","1984","Has HOA fee: No","0.15 Acres"
"140","5 Shad Ct, Savannah, GA 31410","$159,000","4","2","--",NA,"1 hour 13 mins","2021","Services included: None","18,295 sqft"
"141","2206 1/2 Iowa St, Savannah, GA 31404","$105,000","3","1","1,050",NA,"1 hour 1 min","1955","Has HOA fee: No","0.06 Acres"
"142","420 Screven Ave, Savannah, GA 31404","$175,000","3","2","1,008",NA,"59 mins","1950","Has HOA fee: No","0.09 Acres"
"143","2106 Biscayne Dr, Savannah, GA 31406","$215,000","4","2","1,380",NA,"55 mins","1964","Has HOA fee: No","0.16 Acres"
"144","1618 Kings Way, Savannah, GA 31406","$230,000","4","3","2,276",NA,"52 mins","1952","Has HOA fee: No","0.20 Acres"
"145","1305 E 57th St, Savannah, GA 31404","$135,000","3","1","999",NA,"56 mins","1958","Has HOA fee: No","0.14 Acres"
"146","1 Judith St PARCEL 1, Pembroke, GA 31321","$239,900","4","3","1,863","49 mins","29 mins","2021","Has HOA fee: No","0.38 Acres"
"147","1312 E 40th St, Savannah, GA 31404","$182,000","3","1","1,057",NA,"57 mins","1940","Has HOA fee: No","0.14 Acres"
"148","1936 Utah St, Savannah, GA 31404","$135,000","2","1","936",NA,"59 mins","1946","Has HOA fee: No","0.12 Acres"
"149","2323 Bona Bella Ave, Savannah, GA 31406","$139,000","3","2","1,555",NA,"57 mins","1962","Has HOA fee: No","0.16 Acres"
"150","Buildable plan: Brandon 2, Richmond Pass, Midway, GA 31320","from ","4","2","1,675",NA,NA,"2021",NA,"$25 monthly"
"151","3204 Hazel St, Savannah, GA 31404","$229,000","4","2","1,634",NA,"59 mins","1989","Has HOA fee: No","0.54 Acres"
"152","Buildable plan: Springfield, The Estates at Wilder Pond, Allenhurst, GA 31301","from ","4","3","2,001",NA,NA,"2021",NA,"$25 monthly"
"153","4019 Campbell St, Savannah, GA 31405","$119,000","3","3","1,352",NA,"50 mins","1945","Has HOA fee: No","0.09 Acres"
"154","108 Tobago Cir, Guyton, GA 31312","$233,990","3","2","1,343",NA,NA,"2021","HOA fee: $175 quarterly","$175 quarterly"
"155","2025 Eppinger St, Savannah, GA 31415","$94,990","2","1","870","22 mins","49 mins","1980","Has HOA fee: No","0.06 Acres"
"156","2310 E 42nd St, Savannah, GA 31404","$179,900","3","1","990",NA,"1 hour","1948","Has HOA fee: No","0.15 Acres"
"157","3 Judith St PARCEL 3, Pembroke, GA 31321","$239,900","4","3","1,863","49 mins","29 mins","2021","Has HOA fee: No","0.32 Acres"
"158","2117 New Mexico St, Savannah, GA 31404","$165,000","2","1","825",NA,"59 mins","1950","Has HOA fee: No","0.14 Acres"
"159","Buildable plan: Palmyra, The Estates at Wilder Pond, Allenhurst, GA 31301","from ","4","3","2,151",NA,NA,"2021",NA,"$25 monthly"
"160","1605 Reynolds St, Savannah, GA 31401","$229,900","3","1","1,149",NA,"54 mins","1900","Services included: None","7,405 sqft"
"161","1107 W 41st St, Savannah, GA 31415","$95,000","3","1","1,008",NA,"50 mins","1965","Has HOA fee: No","0.11 Acres"
"162","1905 Harrison St, Savannah, GA 31404","$160,000","2","1","936",NA,"1 hour","1954","Has HOA fee: No","0.12 Acres"
"163","27 Villas Of Garrard Dr, Savannah, GA 31405","$203,990","3","3","1,473",NA,NA,"2020","HOA fee: $1,440 annually","$1,440 annually"
"164","2318 Lorraine Dr, Savannah, GA 31404","$185,000","3","1","946",NA,"57 mins","1954","Has HOA fee: No","0.18 Acres"
"165","810 Googe St, Savannah, GA 31415","$115,000","2","1","704","22 mins","50 mins","1947","Has HOA fee: No","0.12 Acres"
"166","2103 Utah St, Savannah, GA 31404","$140,000","2","1","1,179",NA,"1 hour","1942","Has HOA fee: No","0.15 Acres"
"167","2008 Linnhurst Dr, Savannah, GA 31404","$169,900","3","1","1,197",NA,"58 mins","1958","Has HOA fee: No","0.16 Acres"
"168","2213 E Gwinnett St, Savannah, GA 31404","$165,000","4","2","1,679",NA,"1 hour","1949","Has HOA fee: No","0.12 Acres"
"169","Buildable plan: Whitaker II, Cherokee Station, Hinesville, GA 31313","from ","4","3","1,962",NA,NA,"2021",NA,"No Data"
"170","1030 Demmond St, Savannah, GA 31415","$165,000","3","2","1,121","24 mins","52 mins","2020","Has HOA fee: No","0.06 Acres"
"171","737 Fairview Cir, Hinesville, GA 31313","$231,700","4","3","1,962",NA,NA,"2021","HOA fee: $300 annually","$300 annually"
"172","Buildable plan: Addison, Richmond Pass, Midway, GA 31320","from ","4","3","1,978",NA,NA,"2021",NA,"$25 monthly"
"173","630 Lee Blvd, Savannah, GA 31405","$185,000","3","2","1,096",NA,"55 mins","1956","Has HOA fee: No","0.19 Acres"
"174","305 Woodley Rd, Savannah, GA 31419","$129,000","3","1","1,323","18 mins","48 mins","1958","Has HOA fee: No","0.21 Acres"
"175","1510 E Henry St, Savannah, GA 31404","$153,900","3","3","1,504",NA,"56 mins","2007","Has HOA fee: No","0.02 Acres"
"176","519 W 60th St, Savannah, GA 31405","$149,900","3","1","1,035",NA,"52 mins","1948","Has HOA fee: No","0.12 Acres"
"177","2010 E 42nd St, Savannah, GA 31404","$135,000","3","1","1,054",NA,"58 mins","1956","Has HOA fee: No","0.14 Acres"
"178","635 Fairview Cir, Hinesville, GA 31313","$225,700","3","3","1,973",NA,NA,"2021","HOA fee: $300 annually","$300 annually"
"179","1405 E 32nd St, Savannah, GA 31404","$165,000","3","1","1,222",NA,"59 mins","1951","Has HOA fee: No","0.14 Acres"
"180","208 Cumming St, Savannah, GA 31415","$70,000","2","1","860","23 mins","51 mins","1960","Services included: None","No Data"
"181","8524 Vining Way, Savannah, GA 31406","$185,000","3","1","1,154",NA,"53 mins","1958","Has HOA fee: No","0.21 Acres"
"182","104 W 76th St, Savannah, GA 31405","$125,000","2","1","850",NA,"51 mins","1945","Has HOA fee: No","0.15 Acres"
"183","2028 E 42nd St, Savannah, GA 31404","$140,000","3","2","1,144",NA,"58 mins","1956","Has HOA fee: No","0.14 Acres"
"184","1014 Carroll St, Savannah, GA 31415","$108,000","3","1","1,380","22 mins","50 mins","1975","Has HOA fee: No","0.12 Acres"
"185","234 Caribbean Village Dr, Guyton, GA 31312","$234,990","3","2","1,343","46 mins","1 hour 2 mins","2021","HOA fee: $175 quarterly","$175 quarterly"
"186","744 Fairview Cir, Hinesville, GA 31313","$205,800","3","3","1,703",NA,NA,"2021","HOA fee: $300 annually","$300 annually"
"187","2308 New York Ave, Savannah, GA 31404","$175,000","3","2","1,287",NA,"1 hour 2 mins","1946","Has HOA fee: No","0.12 Acres"
"188","1506 E Henry St, Savannah, GA 31404","$151,900","3","3","1,504",NA,"56 mins","2007","Has HOA fee: No","0.02 Acres"
"189","2402 Alabama Ave, Savannah, GA 31404","$125,000","2","1","828",NA,"1 hour 2 mins","1948","Has HOA fee: No","0.18 Acres"
"190","803 W 50th St, Savannah, GA 31405","$83,000","3","1","1,136",NA,"52 mins","1956","Has HOA fee: No","0.10 Acres"
"191","1920 Utah St, Savannah, GA 31404","$179,900","2","1","827",NA,"59 mins","1946","Has HOA fee: No","0.14 Acres"
"192","2304 New York Ave, Savannah, GA 31404","$125,000","2","1","792",NA,"1 hour 2 mins","1947","Has HOA fee: No","0.12 Acres"
"193","39 Grove Park Dr #6, Richmond Hill, GA 31324","$248,900","3","3","1,749",NA,NA,"2021","HOA fee: $100 monthly","$100 monthly"
"194","12 Spring Lake Cir, Pt Wentworth, GA 31407","$190,000","3","2","1,355","40 mins","53 mins","2007","HOA fee: $532 annually","$532 annually"
"195","718 Westridge Ct, Hinesville, GA 31313","$115,000","3","2","1,120",NA,"12 mins","1991","Has HOA fee: No","0.45 Acres"
"196","933 Greenbriar Trl, Hinesville, GA 31313","$140,000","3","2","1,330","56 mins","12 mins","1980","Has HOA fee: No","0.18 Acres"
"197","200 Lindsey Dr, Richmond Hill, GA 31324","$179,900","3","2","1,126","41 mins","32 mins","2006","Has HOA fee: No","0.57 Acres"
"198","501 Amsonia Cir, Guyton, GA 31312","$210,000","3","2","1,505","44 mins","59 mins","2005","HOA fee: $700 annually","$700 annually"
"199","7015 State Highway 17 S, Bloomingdale, GA 31302","$225,000","3","1","1,176","39 mins","51 mins","1963","Has HOA fee: No","1.25 Acres"
"200","196 Gloucester Dr, Midway, GA 31320","$174,900","4","2","1,956","42 mins","20 mins","2006","Appliances: Refrigerator, Dishwasher, Range/Oven - Elec, Smoke Detector","6,534 sqft"
"201","196 Gloucester Dr, Midway, GA 31320","$174,900","4","2","1,956","42 mins","20 mins","2006","Appliances: Refrigerator, Dishwasher, Range/Oven - Elec, Smoke Detector","6,534 sqft"
"202","1016 Farr Ct, Hinesville, GA 31313","$135,500","4","2","1,400","57 mins","13 mins","1992","Dining: Dining/Kitchen Combo","No Data"
"203","169 Oak Harvest Rdg, Midway, GA 31320","$180,000","3","2","1,348","42 mins","30 mins","2015","HOA fee: $25 monthly","$25 monthly"
"204","910 Kings Rd, Hinesville, GA 31313","$210,000","3","3","2,296","53 mins","9 mins","1977","Has HOA fee: No","0.81 Acres"
"205","1209 Cypress Fall Cir, Hinesville, GA 31313","$184,500","3","3","1,447","51 mins","8 mins","2018","HOA fee: $25 monthly","$25 monthly"
"206","124 Austin Way, Savannah, GA 31419","$235,000","4","2","1,695","24 mins","40 mins","2011","HOA fee: $478 annually","$478 annually"
"207","80 Joshua Cir, Ellabell, GA 31308","$163,000","3","2","1,309","41 mins","36 mins","2005","HOA fee: $150 annually","$150 annually"
"208","1314 Dieter St, Savannah, GA 31404","$128,900","2","3","1,056",NA,"56 mins","2007","Has HOA fee: No","0.01 Acres"
"209","2118 New Mexico St, Savannah, GA 31404","$135,000","3","1","1,007",NA,"59 mins","1948","Has HOA fee: No","0.14 Acres"
"210","1308 Dieter St, Savannah, GA 31404","$128,900","2","3","1,056",NA,"56 mins","2007","Has HOA fee: No","0.01 Acres"
"211","2219 Bartlett Dr, Savannah, GA 31404","$145,000","3","1","1,292",NA,"59 mins","1964","Has HOA fee: No","0.17 Acres"
"212","1317 E 57th St, Savannah, GA 31404","$120,000","2","1","792",NA,"56 mins","1954","Has HOA fee: No","0.12 Acres"
"213","2226 New York Ave, Savannah, GA 31404","$179,900","2","1","1,121",NA,"1 hour 1 min","1935","Has HOA fee: No","0.14 Acres"
"214","256 Cumming St, Savannah, GA 31415","$75,000","2","1","875","23 mins","51 mins","1968","Services included: None","2,790 sqft"
"215","1304 Dieter St, Savannah, GA 31404","$126,900","2","3","1,056",NA,"56 mins","2007","Has HOA fee: No","0.01 Acres"
"216","1303 Stubbs St, Savannah, GA 31404","$128,900","2","3","1,056",NA,"56 mins","2007","Has HOA fee: No","0.01 Acres"
"217","1504 E Henry St, Savannah, GA 31404","$151,900","3","3","1,504",NA,"56 mins","2007","Has HOA fee: No","0.02 Acres"
"218","1312 Dieter St, Savannah, GA 31404","$126,900","2","3","1,056",NA,"56 mins","2007","Has HOA fee: No","0.01 Acres"
"219","711 W 46th St, Savannah, GA 31405","$135,000","2","1","851",NA,"52 mins","1950","Has HOA fee: No","0.07 Acres"
"220","1310 Dieter St, Savannah, GA 31404","$128,900","2","3","1,056",NA,"56 mins","2007","Has HOA fee: No","0.01 Acres"
"221","1306 Dieter St, Savannah, GA 31404","$126,900","2","3","1,056",NA,"56 mins","2007","Has HOA fee: No","0.01 Acres"
